naam,buis,filt,x,y,lat,lon,surface_level,bkf,okf,uuid_hand,uuid_diver
GORSSEL-S6001,GORSSEL-S6,1,-1.4665420167148113e-05,-0.00010837893933057785,47.97476588287572,3.3135576333212353,0.0,,,,
GORSSEL-S7001,GORSSEL-S7,1,-1.4665420167148113e-05,-0.00010837893933057785,47.97476588287572,3.3135576333212353,0.0,,,,
GORSSEL-S8001,GORSSEL-S8,1,-1.4665420167148113e-05,-0.00010837893933057785,47.97476588287572,3.3135576333212353,0.0,,,,
GORSSEL-S9001,GORSSEL-S9,1,-1.4665420167148113e-05,-0.00010837893933057785,47.97476588287572,3.3135576333212353,0.0,,,,
GR-RUW2001,GR-RUW2,1,-1.4665420167148113e-05,-0.00010837893933057785,47.97476588287572,3.3135576333212353,0.0,,,,
GRWP009004,GRWP009,4,-1.4665420167148113e-05,-0.00010837893933057785,47.97476588287572,3.3135576333212353,0.0,-114.0,-115.0,,
GRWP009003,GRWP009,3,-1.4665420167148113e-05,-0.00010837893933057785,47.97476588287572,3.3135576333212353,0.0,-89.0,-90.0,,
GRWP009002,GRWP009,2,-1.4665420167148113e-05,-0.00010837893933057785,47.97476588287572,3.3135576333212353,0.0,-69.0,-70.0,,
GRWP009001,GRWP009,1,-1.4665420167148113e-05,-0.00010837893933057785,47.97476588287572,3.3135576333212353,0.0,-45.0,-46.0,,
GRWP010002,GRWP010,2,-1.4665420167148113e-05,-0.00010837893933057785,47.97476588287572,3.3135576333212353,0.0,-79.0,-80.0,,
GRWP010001,GRWP010,1,-1.4665420167148113e-05,-0.00010837893933057785,47.97476588287572,3.3135576333212353,0.0,-39.0,-40.0,,
GRWP011002,GRWP011,2,-1.4665420167148113e-05,-0.00010837893933057785,47.97476588287572,3.3135576333212353,0.0,-79.0,-80.0,,
GRWP011001,GRWP011,1,-1.4665420167148113e-05,-0.00010837893933057785,47.97476588287572,3.3135576333212353,0.0,-39.0,-40.0,,
GRWP012002,GRWP012,2,-1.4665420167148113e-05,-0.00010837893933057785,47.97476588287572,3.3135576333212353,0.0,-79.0,-80.0,,
GRWP012001,GRWP012,1,-1.4665420167148113e-05,-0.00010837893933057785,47.97476588287572,3.3135576333212353,0.0,-39.0,-40.0,,
GVWP020001,GVWP020,1,-1.4665420167148113e-05,-0.00010837893933057785,47.97476588287572,3.3135576333212353,4.05,-46.95,-47.95,,
GVWP037002,GVWP037,2,-1.4665420167148113e-05,-0.00010837893933057785,47.97476588287572,3.3135576333212353,3.49,-4.5,-14.5,,
GVWP037001,GVWP037,1,-1.4665420167148113e-05,-0.00010837893933057785,47.97476588287572,3.3135576333212353,3.49,-7.5,-9.5,,
GVWP038004,GVWP038,4,-1.4665420167148113e-05,-0.00010837893933057785,47.97476588287572,3.3135576333212353,3.5,-65.5,-67.5,,
GVWP038003,GVWP038,3,-1.4665420167148113e-05,-0.00010837893933057785,47.97476588287572,3.3135576333212353,3.5,-45.5,-47.5,,
GVWP038002,GVWP038,2,-1.4665420167148113e-05,-0.00010837893933057785,47.97476588287572,3.3135576333212353,3.5,-24.5,-26.5,,
GVWP038001,GVWP038,1,-1.4665420167148113e-05,-0.00010837893933057785,47.97476588287572,3.3135576333212353,3.5,-1.5,-3.5,,
HAV-05001,HAV-05,1,-1.4665420167148113e-05,-0.00010837893933057785,47.97476588287572,3.3135576333212353,0.0,,,,
HAV-19001,HAV-19,1,-1.4665420167148113e-05,-0.00010837893933057785,47.97476588287572,3.3135576333212353,8.74,6.74,5.74,,
HEEKHETT002,HEEKHETT,2,-1.4665420167148113e-05,-0.00010837893933057785,47.97476588287572,3.3135576333212353,0.0,,,,
HEEKHETT003,HEEKHETT,3,-1.4665420167148113e-05,-0.00010837893933057785,47.97476588287572,3.3135576333212353,0.0,,,,
HEEKHETT004,HEEKHETT,4,-1.4665420167148113e-05,-0.00010837893933057785,47.97476588287572,3.3135576333212353,0.0,,,,
KLOOS-BOS-1001,KLOOS-BOS-1,1,-1.4665420167148113e-05,-0.00010837893933057785,47.97476588287572,3.3135576333212353,0.0,,,,
KLOOS-BOS-1002,KLOOS-BOS-1,2,-1.4665420167148113e-05,-0.00010837893933057785,47.97476588287572,3.3135576333212353,0.0,,,,
KLOOS-BOS-10001,KLOOS-BOS-10,1,-1.4665420167148113e-05,-0.00010837893933057785,47.97476588287572,3.3135576333212353,0.0,,,,
KLOOS-BOS-10002,KLOOS-BOS-10,2,-1.4665420167148113e-05,-0.00010837893933057785,47.97476588287572,3.3135576333212353,0.0,,,,
KLOOS-BOS-11001,KLOOS-BOS-11,1,-1.4665420167148113e-05,-0.00010837893933057785,47.97476588287572,3.3135576333212353,0.0,,,,
KLOOS-BOS-11002,KLOOS-BOS-11,2,-1.4665420167148113e-05,-0.00010837893933057785,47.97476588287572,3.3135576333212353,0.0,,,,
KLOOS-BOS-12001,KLOOS-BOS-12,1,-1.4665420167148113e-05,-0.00010837893933057785,47.97476588287572,3.3135576333212353,0.0,,,,
KLOOS-BOS-12002,KLOOS-BOS-12,2,-1.4665420167148113e-05,-0.00010837893933057785,47.97476588287572,3.3135576333212353,0.0,,,,
KLOOS-BOS-13001,KLOOS-BOS-13,1,-1.4665420167148113e-05,-0.00010837893933057785,47.97476588287572,3.3135576333212353,0.0,,,,
KLOOS-BOS-13002,KLOOS-BOS-13,2,-1.4665420167148113e-05,-0.00010837893933057785,47.97476588287572,3.3135576333212353,0.0,,,,
KLOOS-BOS-14001,KLOOS-BOS-14,1,-1.4665420167148113e-05,-0.00010837893933057785,47.97476588287572,3.3135576333212353,0.0,,,,
KLOOS-BOS-14002,KLOOS-BOS-14,2,-1.4665420167148113e-05,-0.00010837893933057785,47.97476588287572,3.3135576333212353,0.0,,,,
KLOOS-BOS-15001,KLOOS-BOS-15,1,-1.4665420167148113e-05,-0.00010837893933057785,47.97476588287572,3.3135576333212353,0.0,,,,
KLOOS-BOS-15002,KLOOS-BOS-15,2,-1.4665420167148113e-05,-0.00010837893933057785,47.97476588287572,3.3135576333212353,0.0,,,,
KLOOS-BOS-16001,KLOOS-BOS-16,1,-1.4665420167148113e-05,-0.00010837893933057785,47.97476588287572,3.3135576333212353,0.0,,,,
KLOOS-BOS-16002,KLOOS-BOS-16,2,-1.4665420167148113e-05,-0.00010837893933057785,47.97476588287572,3.3135576333212353,0.0,,,,
KLOOS-BOS-17001,KLOOS-BOS-17,1,-1.4665420167148113e-05,-0.00010837893933057785,47.97476588287572,3.3135576333212353,0.0,,,,
KLOOS-BOS-17002,KLOOS-BOS-17,2,-1.4665420167148113e-05,-0.00010837893933057785,47.97476588287572,3.3135576333212353,0.0,,,,
KLOOS-BOS-18001,KLOOS-BOS-18,1,-1.4665420167148113e-05,-0.00010837893933057785,47.97476588287572,3.3135576333212353,0.0,,,,
KLOOS-BOS-18002,KLOOS-BOS-18,2,-1.4665420167148113e-05,-0.00010837893933057785,47.97476588287572,3.3135576333212353,0.0,,,,
KLOOS-BOS-19001,KLOOS-BOS-19,1,-1.4665420167148113e-05,-0.00010837893933057785,47.97476588287572,3.3135576333212353,0.0,,,,
KLOOS-BOS-19002,KLOOS-BOS-19,2,-1.4665420167148113e-05,-0.00010837893933057785,47.97476588287572,3.3135576333212353,0.0,,,,
KLOOS-BOS-2001,KLOOS-BOS-2,1,-1.4665420167148113e-05,-0.00010837893933057785,47.97476588287572,3.3135576333212353,0.0,,,,
KLOOS-BOS-2002,KLOOS-BOS-2,2,-1.4665420167148113e-05,-0.00010837893933057785,47.97476588287572,3.3135576333212353,0.0,,,,
KLOOS-BOS-20001,KLOOS-BOS-20,1,-1.4665420167148113e-05,-0.00010837893933057785,47.97476588287572,3.3135576333212353,0.0,,,,
KLOOS-BOS-20002,KLOOS-BOS-20,2,-1.4665420167148113e-05,-0.00010837893933057785,47.97476588287572,3.3135576333212353,0.0,,,,
KLOOS-BOS-3001,KLOOS-BOS-3,1,-1.4665420167148113e-05,-0.00010837893933057785,47.97476588287572,3.3135576333212353,0.0,,,,
KLOOS-BOS-3002,KLOOS-BOS-3,2,-1.4665420167148113e-05,-0.00010837893933057785,47.97476588287572,3.3135576333212353,0.0,,,,
KLOOS-BOS-4001,KLOOS-BOS-4,1,-1.4665420167148113e-05,-0.00010837893933057785,47.97476588287572,3.3135576333212353,0.0,,,,
KLOOS-BOS-4002,KLOOS-BOS-4,2,-1.4665420167148113e-05,-0.00010837893933057785,47.97476588287572,3.3135576333212353,0.0,,,,
KLOOS-BOS-5001,KLOOS-BOS-5,1,-1.4665420167148113e-05,-0.00010837893933057785,47.97476588287572,3.3135576333212353,0.0,,,,
KLOOS-BOS-5002,KLOOS-BOS-5,2,-1.4665420167148113e-05,-0.00010837893933057785,47.97476588287572,3.3135576333212353,0.0,,,,
KLOOS-BOS-6001,KLOOS-BOS-6,1,-1.4665420167148113e-05,-0.00010837893933057785,47.97476588287572,3.3135576333212353,0.0,,,,
KLOOS-BOS-6002,KLOOS-BOS-6,2,-1.4665420167148113e-05,-0.00010837893933057785,47.97476588287572,3.3135576333212353,0.0,,,,
KLOOS-BOS-7001,KLOOS-BOS-7,1,-1.4665420167148113e-05,-0.00010837893933057785,47.97476588287572,3.3135576333212353,0.0,,,,
KLOOS-BOS-7002,KLOOS-BOS-7,2,-1.4665420167148113e-05,-0.00010837893933057785,47.97476588287572,3.3135576333212353,0.0,,,,
KLOOS-BOS-8001,KLOOS-BOS-8,1,-1.4665420167148113e-05,-0.00010837893933057785,47.97476588287572,3.3135576333212353,0.0,,,,
KLOOS-BOS-8002,KLOOS-BOS-8,2,-1.4665420167148113e-05,-0.00010837893933057785,47.97476588287572,3.3135576333212353,0.0,,,,
KLOOS-BOS-9001,KLOOS-BOS-9,1,-1.4665420167148113e-05,-0.00010837893933057785,47.97476588287572,3.3135576333212353,0.0,,,,
KLOOS-BOS-9002,KLOOS-BOS-9,2,-1.4665420167148113e-05,-0.00010837893933057785,47.97476588287572,3.3135576333212353,0.0,,,,
KLOOST-1001,KLOOST-1,1,-1.4665420167148113e-05,-0.00010837893933057785,47.97476588287572,3.3135576333212353,0.0,,,,
KLOOST-10001,KLOOST-10,1,-1.4665420167148113e-05,-0.00010837893933057785,47.97476588287572,3.3135576333212353,0.0,,,,
KLOOST-11001,KLOOST-11,1,-1.4665420167148113e-05,-0.00010837893933057785,47.97476588287572,3.3135576333212353,0.0,,,,
KLOOST-12001,KLOOST-12,1,-1.4665420167148113e-05,-0.00010837893933057785,47.97476588287572,3.3135576333212353,0.0,,,,
KLOOST-13001,KLOOST-13,1,-1.4665420167148113e-05,-0.00010837893933057785,47.97476588287572,3.3135576333212353,0.0,,,,
KLOOST-14001,KLOOST-14,1,-1.4665420167148113e-05,-0.00010837893933057785,47.97476588287572,3.3135576333212353,0.0,,,,
KLOOST-15001,KLOOST-15,1,-1.4665420167148113e-05,-0.00010837893933057785,47.97476588287572,3.3135576333212353,0.0,,,,
KLOOST-2001,KLOOST-2,1,-1.4665420167148113e-05,-0.00010837893933057785,47.97476588287572,3.3135576333212353,0.0,,,,
KLOOST-3001,KLOOST-3,1,-1.4665420167148113e-05,-0.00010837893933057785,47.97476588287572,3.3135576333212353,0.0,,,,
KLOOST-4001,KLOOST-4,1,-1.4665420167148113e-05,-0.00010837893933057785,47.97476588287572,3.3135576333212353,0.0,,,,
KLOOST-5001,KLOOST-5,1,-1.4665420167148113e-05,-0.00010837893933057785,47.97476588287572,3.3135576333212353,0.0,,,,
KLOOST-6001,KLOOST-6,1,-1.4665420167148113e-05,-0.00010837893933057785,47.97476588287572,3.3135576333212353,0.0,,,,
KLOOST-7001,KLOOST-7,1,-1.4665420167148113e-05,-0.00010837893933057785,47.97476588287572,3.3135576333212353,0.0,,,,
KLOOST-8001,KLOOST-8,1,-1.4665420167148113e-05,-0.00010837893933057785,47.97476588287572,3.3135576333212353,0.0,,,,
KLOOST-9001,KLOOST-9,1,-1.4665420167148113e-05,-0.00010837893933057785,47.97476588287572,3.3135576333212353,0.0,,,,
KOLFF-B11D001,KOLFF-B11D,1,-1.4665420167148113e-05,-0.00010837893933057785,47.97476588287572,3.3135576333212353,0.0,,,,
KOLFF-B11O001,KOLFF-B11O,1,-1.4665420167148113e-05,-0.00010837893933057785,47.97476588287572,3.3135576333212353,0.0,,,,
KOLFF-B12D001,KOLFF-B12D,1,-1.4665420167148113e-05,-0.00010837893933057785,47.97476588287572,3.3135576333212353,0.0,,,,
KOLFF-B12O001,KOLFF-B12O,1,-1.4665420167148113e-05,-0.00010837893933057785,47.97476588287572,3.3135576333212353,0.0,,,,
KOLFF-B13D001,KOLFF-B13D,1,-1.4665420167148113e-05,-0.00010837893933057785,47.97476588287572,3.3135576333212353,0.0,,,,
KOLFF-B13O001,KOLFF-B13O,1,-1.4665420167148113e-05,-0.00010837893933057785,47.97476588287572,3.3135576333212353,0.0,,,,
KOLFF-B14D001,KOLFF-B14D,1,-1.4665420167148113e-05,-0.00010837893933057785,47.97476588287572,3.3135576333212353,0.0,,,,
KOLFF-B14O001,KOLFF-B14O,1,-1.4665420167148113e-05,-0.00010837893933057785,47.97476588287572,3.3135576333212353,0.0,,,,
KOLFF-B15D001,KOLFF-B15D,1,-1.4665420167148113e-05,-0.00010837893933057785,47.97476588287572,3.3135576333212353,0.0,,,,
KOLFF-B15O001,KOLFF-B15O,1,-1.4665420167148113e-05,-0.00010837893933057785,47.97476588287572,3.3135576333212353,0.0,,,,
KOLFF-B16D001,KOLFF-B16D,1,-1.4665420167148113e-05,-0.00010837893933057785,47.97476588287572,3.3135576333212353,0.0,,,,
KOLFF-B16O001,KOLFF-B16O,1,-1.4665420167148113e-05,-0.00010837893933057785,47.97476588287572,3.3135576333212353,0.0,,,,
KOLFF-B17D001,KOLFF-B17D,1,-1.4665420167148113e-05,-0.00010837893933057785,47.97476588287572,3.3135576333212353,0.0,,,,
KOLFF-B17O001,KOLFF-B17O,1,-1.4665420167148113e-05,-0.00010837893933057785,47.97476588287572,3.3135576333212353,0.0,,,,
KOLFF-B18D001,KOLFF-B18D,1,-1.4665420167148113e-05,-0.00010837893933057785,47.97476588287572,3.3135576333212353,0.0,,,,
KOLFF-B18O001,KOLFF-B18O,1,-1.4665420167148113e-05,-0.00010837893933057785,47.97476588287572,3.3135576333212353,0.0,,,,
KOLFF-B19D001,KOLFF-B19D,1,-1.4665420167148113e-05,-0.00010837893933057785,47.97476588287572,3.3135576333212353,0.0,,,,
KOLFF-B19O001,KOLFF-B19O,1,-1.4665420167148113e-05,-0.00010837893933057785,47.97476588287572,3.3135576333212353,0.0,,,,
KOLFF-B20D001,KOLFF-B20D,1,-1.4665420167148113e-05,-0.00010837893933057785,47.97476588287572,3.3135576333212353,0.0,,,,
KOLFF-B20O001,KOLFF-B20O,1,-1.4665420167148113e-05,-0.00010837893933057785,47.97476588287572,3.3135576333212353,0.0,,,,
KOLFF-B21D001,KOLFF-B21D,1,-1.4665420167148113e-05,-0.00010837893933057785,47.97476588287572,3.3135576333212353,0.0,,,,
KOLFF-B21O001,KOLFF-B21O,1,-1.4665420167148113e-05,-0.00010837893933057785,47.97476588287572,3.3135576333212353,0.0,,,,
KOLFF-B22D001,KOLFF-B22D,1,-1.4665420167148113e-05,-0.00010837893933057785,47.97476588287572,3.3135576333212353,0.0,,,,
KOLFF-B22O001,KOLFF-B22O,1,-1.4665420167148113e-05,-0.00010837893933057785,47.97476588287572,3.3135576333212353,0.0,,,,
KOLFF-B23D001,KOLFF-B23D,1,-1.4665420167148113e-05,-0.00010837893933057785,47.97476588287572,3.3135576333212353,0.0,,,,
KOLFF-B23O001,KOLFF-B23O,1,-1.4665420167148113e-05,-0.00010837893933057785,47.97476588287572,3.3135576333212353,0.0,,,,
KOLFF-B24D001,KOLFF-B24D,1,-1.4665420167148113e-05,-0.00010837893933057785,47.97476588287572,3.3135576333212353,0.0,,,,
KOLFF-B24O001,KOLFF-B24O,1,-1.4665420167148113e-05,-0.00010837893933057785,47.97476588287572,3.3135576333212353,0.0,,,,
KOLFF-B25D001,KOLFF-B25D,1,-1.4665420167148113e-05,-0.00010837893933057785,47.97476588287572,3.3135576333212353,0.0,,,,
KOLFF-B25O001,KOLFF-B25O,1,-1.4665420167148113e-05,-0.00010837893933057785,47.97476588287572,3.3135576333212353,0.0,,,,
KOLFF-B26D001,KOLFF-B26D,1,-1.4665420167148113e-05,-0.00010837893933057785,47.97476588287572,3.3135576333212353,0.0,,,,
KOLFF-B26O001,KOLFF-B26O,1,-1.4665420167148113e-05,-0.00010837893933057785,47.97476588287572,3.3135576333212353,0.0,,,,
KOLFF-B27D001,KOLFF-B27D,1,-1.4665420167148113e-05,-0.00010837893933057785,47.97476588287572,3.3135576333212353,0.0,,,,
KOLFF-B27O001,KOLFF-B27O,1,-1.4665420167148113e-05,-0.00010837893933057785,47.97476588287572,3.3135576333212353,0.0,,,,
KOLFF-B28D001,KOLFF-B28D,1,-1.4665420167148113e-05,-0.00010837893933057785,47.97476588287572,3.3135576333212353,0.0,,,,
KOLFF-B28O001,KOLFF-B28O,1,-1.4665420167148113e-05,-0.00010837893933057785,47.97476588287572,3.3135576333212353,0.0,,,,
KOLFF-B29D001,KOLFF-B29D,1,-1.4665420167148113e-05,-0.00010837893933057785,47.97476588287572,3.3135576333212353,0.0,,,,
KOLFF-B29O001,KOLFF-B29O,1,-1.4665420167148113e-05,-0.00010837893933057785,47.97476588287572,3.3135576333212353,0.0,,,,
KOLFF-B30D001,KOLFF-B30D,1,-1.4665420167148113e-05,-0.00010837893933057785,47.97476588287572,3.3135576333212353,0.0,,,,
KOLFF-B30O001,KOLFF-B30O,1,-1.4665420167148113e-05,-0.00010837893933057785,47.97476588287572,3.3135576333212353,0.0,,,,
KOLFF-OPP-P1001,KOLFF-OPP-P1,1,-1.4665420167148113e-05,-0.00010837893933057785,47.97476588287572,3.3135576333212353,0.0,,,,
KOLFF-OPP-P2001,KOLFF-OPP-P2,1,-1.4665420167148113e-05,-0.00010837893933057785,47.97476588287572,3.3135576333212353,0.0,,,,
KOLFF-OPP-P3001,KOLFF-OPP-P3,1,-1.4665420167148113e-05,-0.00010837893933057785,47.97476588287572,3.3135576333212353,0.0,,,,
KOLFF-OPP-P4001,KOLFF-OPP-P4,1,-1.4665420167148113e-05,-0.00010837893933057785,47.97476588287572,3.3135576333212353,0.0,,,,
LA-RUWPS1001,LA-RUWPS1,1,-1.4665420167148113e-05,-0.00010837893933057785,47.97476588287572,3.3135576333212353,0.0,,,,
LAWP001000,LAWP001,0,-1.4665420167148113e-05,-0.00010837893933057785,47.97476588287572,3.3135576333212353,0.0,,,,
LAWP004001,LAWP004,1,-1.4665420167148113e-05,-0.00010837893933057785,47.97476588287572,3.3135576333212353,0.0,,,,
LAWP004006,LAWP004,6,-1.4665420167148113e-05,-0.00010837893933057785,47.97476588287572,3.3135576333212353,0.0,-43.62,-44.62,,
LAWP004005,LAWP004,5,-1.4665420167148113e-05,-0.00010837893933057785,47.97476588287572,3.3135576333212353,0.0,-26.91,-27.91,,
LAWP004004,LAWP004,4,-1.4665420167148113e-05,-0.00010837893933057785,47.97476588287572,3.3135576333212353,0.0,-16.69,-17.69,,
LAWP004003,LAWP004,3,-1.4665420167148113e-05,-0.00010837893933057785,47.97476588287572,3.3135576333212353,0.0,-9.66,-10.66,,
LAWP004002,LAWP004,2,-1.4665420167148113e-05,-0.00010837893933057785,47.97476588287572,3.3135576333212353,0.0,-2.58,-3.58,,
LAWP024000,LAWP024,0,-1.4665420167148113e-05,-0.00010837893933057785,47.97476588287572,3.3135576333212353,0.0,,,,
LAWP025000,LAWP025,0,-1.4665420167148113e-05,-0.00010837893933057785,47.97476588287572,3.3135576333212353,0.0,,,,
LAWP026000,LAWP026,0,-1.4665420167148113e-05,-0.00010837893933057785,47.97476588287572,3.3135576333212353,0.0,,,,
LAWP030000,LAWP030,0,-1.4665420167148113e-05,-0.00010837893933057785,47.97476588287572,3.3135576333212353,0.0,,,,
LAWP031001,LAWP031,1,-1.4665420167148113e-05,-0.00010837893933057785,47.97476588287572,3.3135576333212353,0.0,-31.89,-35.89,,
LAWP040000,LAWP040,0,-1.4665420167148113e-05,-0.00010837893933057785,47.97476588287572,3.3135576333212353,0.0,,,,
LAWP041000,LAWP041,0,-1.4665420167148113e-05,-0.00010837893933057785,47.97476588287572,3.3135576333212353,0.0,,,,
LAWP060001,LAWP060,1,-1.4665420167148113e-05,-0.00010837893933057785,47.97476588287572,3.3135576333212353,0.0,-2.0,-3.0,,
LAWP061001,LAWP061,1,-1.4665420167148113e-05,-0.00010837893933057785,47.97476588287572,3.3135576333212353,0.0,-1.2,-2.2,,
LAWP062001,LAWP062,1,-1.4665420167148113e-05,-0.00010837893933057785,47.97476588287572,3.3135576333212353,0.0,-4.0,-5.0,,
LAWP063001,LAWP063,1,-1.4665420167148113e-05,-0.00010837893933057785,47.97476588287572,3.3135576333212353,0.0,-2.75,-3.75,,
LE-F01-RUW001,LE-F01-RUW,1,-1.4665420167148113e-05,-0.00010837893933057785,47.97476588287572,3.3135576333212353,0.0,,,,
LE-F02-RUW001,LE-F02-RUW,1,-1.4665420167148113e-05,-0.00010837893933057785,47.97476588287572,3.3135576333212353,0.0,,,,
LIWP049000,LIWP049,0,-1.4665420167148113e-05,-0.00010837893933057785,47.97476588287572,3.3135576333212353,0.0,,,,
LIWP062001,LIWP062,1,-1.4665420167148113e-05,-0.00010837893933057785,47.97476588287572,3.3135576333212353,0.0,,,,
LOCH-VEENP1000,LOCH-VEENP1,0,-1.4665420167148113e-05,-0.00010837893933057785,47.97476588287572,3.3135576333212353,0.0,,,,
LOCH-VEENP1001,LOCH-VEENP1,1,-1.4665420167148113e-05,-0.00010837893933057785,47.97476588287572,3.3135576333212353,0.0,,,,
LOCH-VEENP1002,LOCH-VEENP1,2,-1.4665420167148113e-05,-0.00010837893933057785,47.97476588287572,3.3135576333212353,0.0,,,,
LOCH-VEENP1003,LOCH-VEENP1,3,-1.4665420167148113e-05,-0.00010837893933057785,47.97476588287572,3.3135576333212353,0.0,,,,
LOCH-VEENP1004,LOCH-VEENP1,4,-1.4665420167148113e-05,-0.00010837893933057785,47.97476588287572,3.3135576333212353,0.0,,,,
LOCHEM-1001,LOCHEM-1,1,-1.4665420167148113e-05,-0.00010837893933057785,47.97476588287572,3.3135576333212353,0.0,,,,
LOCHEM-1002,LOCHEM-1,2,-1.4665420167148113e-05,-0.00010837893933057785,47.97476588287572,3.3135576333212353,0.0,,,,
LOCHEM-1003,LOCHEM-1,3,-1.4665420167148113e-05,-0.00010837893933057785,47.97476588287572,3.3135576333212353,0.0,,,,
LOWP002000,LOWP002,0,-1.4665420167148113e-05,-0.00010837893933057785,47.97476588287572,3.3135576333212353,0.0,,,,
LOWP004000,LOWP004,0,-1.4665420167148113e-05,-0.00010837893933057785,47.97476588287572,3.3135576333212353,0.0,,,,
LOWP006000,LOWP006,0,-1.4665420167148113e-05,-0.00010837893933057785,47.97476588287572,3.3135576333212353,0.0,,,,
LOWP007000,LOWP007,0,-1.4665420167148113e-05,-0.00010837893933057785,47.97476588287572,3.3135576333212353,0.0,,,,
LOWP008000,LOWP008,0,-1.4665420167148113e-05,-0.00010837893933057785,47.97476588287572,3.3135576333212353,0.0,,,,
LOWP009000,LOWP009,0,-1.4665420167148113e-05,-0.00010837893933057785,47.97476588287572,3.3135576333212353,0.0,,,,
LOWP010000,LOWP010,0,-1.4665420167148113e-05,-0.00010837893933057785,47.97476588287572,3.3135576333212353,0.0,,,,
LOWP012000,LOWP012,0,-1.4665420167148113e-05,-0.00010837893933057785,47.97476588287572,3.3135576333212353,0.0,,,,
LOWP013000,LOWP013,0,-1.4665420167148113e-05,-0.00010837893933057785,47.97476588287572,3.3135576333212353,0.0,,,,
LOWP014000,LOWP014,0,-1.4665420167148113e-05,-0.00010837893933057785,47.97476588287572,3.3135576333212353,0.0,,,,
LOWP015000,LOWP015,0,-1.4665420167148113e-05,-0.00010837893933057785,47.97476588287572,3.3135576333212353,0.0,,,,
LOWP017000,LOWP017,0,-1.4665420167148113e-05,-0.00010837893933057785,47.97476588287572,3.3135576333212353,0.0,,,,
LOWP018000,LOWP018,0,-1.4665420167148113e-05,-0.00010837893933057785,47.97476588287572,3.3135576333212353,0.0,,,,
LOWP019000,LOWP019,0,-1.4665420167148113e-05,-0.00010837893933057785,47.97476588287572,3.3135576333212353,0.0,,,,
LOWP022000,LOWP022,0,-1.4665420167148113e-05,-0.00010837893933057785,47.97476588287572,3.3135576333212353,0.0,,,,
LOWP026000,LOWP026,0,-1.4665420167148113e-05,-0.00010837893933057785,47.97476588287572,3.3135576333212353,0.0,,,,
LOWP027000,LOWP027,0,-1.4665420167148113e-05,-0.00010837893933057785,47.97476588287572,3.3135576333212353,0.0,,,,
LPWP004002,LPWP004,2,-1.4665420167148113e-05,-0.00010837893933057785,47.97476588287572,3.3135576333212353,-0.7,-83.0,-84.0,,
LPWP004001,LPWP004,1,-1.4665420167148113e-05,-0.00010837893933057785,47.97476588287572,3.3135576333212353,-0.7,-23.0,-24.0,,
LVWP001000,LVWP001,0,-1.4665420167148113e-05,-0.00010837893933057785,47.97476588287572,3.3135576333212353,0.0,,,,
M18-6001,M18-6,1,-1.4665420167148113e-05,-0.00010837893933057785,47.97476588287572,3.3135576333212353,0.0,-1.7,-2.7,,
MEWP501001,MEWP501,1,-1.4665420167148113e-05,-0.00010837893933057785,47.97476588287572,3.3135576333212353,0.88,-102.5,-116.5,,
MEWP502001,MEWP502,1,-1.4665420167148113e-05,-0.00010837893933057785,47.97476588287572,3.3135576333212353,0.0,-100.3,-118.5,,
MEWP502002,MEWP502,2,-1.4665420167148113e-05,-0.00010837893933057785,47.97476588287572,3.3135576333212353,0.0,-105.9,-106.9,,
MEWP503001,MEWP503,1,-1.4665420167148113e-05,-0.00010837893933057785,47.97476588287572,3.3135576333212353,0.0,-93.5,-111.5,,
MEWP503002,MEWP503,2,-1.4665420167148113e-05,-0.00010837893933057785,47.97476588287572,3.3135576333212353,0.0,-92.0,-93.0,,
MOWP006000,MOWP006,0,-1.4665420167148113e-05,-0.00010837893933057785,47.97476588287572,3.3135576333212353,0.0,-1.48,-1.48,,
MOWP008000,MOWP008,0,-1.4665420167148113e-05,-0.00010837893933057785,47.97476588287572,3.3135576333212353,0.0,-2.3,-2.3,,
NY96P35001,NY96P35,1,-1.4665420167148113e-05,-0.00010837893933057785,47.97476588287572,3.3135576333212353,0.0,-9.4,-10.4,,
O-OPP-V8001,O-OPP-V8,1,-1.4665420167148113e-05,-0.00010837893933057785,47.97476588287572,3.3135576333212353,0.0,,-1.0,,
RH-RUW2-OUD001,RH-RUW2-OUD,1,-1.4665420167148113e-05,-0.00010837893933057785,47.97476588287572,3.3135576333212353,0.0,,,,
SDWP010000,SDWP010,0,-1.4665420167148113e-05,-0.00010837893933057785,47.97476588287572,3.3135576333212353,0.0,,,,
SDWP026000,SDWP026,0,-1.4665420167148113e-05,-0.00010837893933057785,47.97476588287572,3.3135576333212353,0.0,,,,
SDWP066001,SDWP066,1,-1.4665420167148113e-05,-0.00010837893933057785,47.97476588287572,3.3135576333212353,8.32,-5.5,-7.5,,
SLUIS001,SLUIS,1,-1.4665420167148113e-05,-0.00010837893933057785,47.97476588287572,3.3135576333212353,1.79,-5.21,-6.21,,
SOWP501001,SOWP501,1,-1.4665420167148113e-05,-0.00010837893933057785,47.97476588287572,3.3135576333212353,3.41,-64.75,-96.75,,
SOWP503001,SOWP503,1,-1.4665420167148113e-05,-0.00010837893933057785,47.97476588287572,3.3135576333212353,0.0,-71.0,-91.0,,
ST95LB19001,ST95LB19,1,-1.4665420167148113e-05,-0.00010837893933057785,47.97476588287572,3.3135576333212353,0.0,-2.95,-3.95,,
ST95LB21001,ST95LB21,1,-1.4665420167148113e-05,-0.00010837893933057785,47.97476588287572,3.3135576333212353,0.0,-2.1,-3.1,,
ST95LB24001,ST95LB24,1,-1.4665420167148113e-05,-0.00010837893933057785,47.97476588287572,3.3135576333212353,0.0,-3.0,-4.0,,
TEBODIN 6003,TEBODIN 6,3,-1.4665420167148113e-05,-0.00010837893933057785,47.97476588287572,3.3135576333212353,0.0,-18.0,-19.0,,
TEBODIN 6002,TEBODIN 6,2,-1.4665420167148113e-05,-0.00010837893933057785,47.97476588287572,3.3135576333212353,0.0,-9.0,-10.0,,
TEBODIN 6001,TEBODIN 6,1,-1.4665420167148113e-05,-0.00010837893933057785,47.97476588287572,3.3135576333212353,0.0,-4.0,-5.0,,
VELD-VII001,VELD-VII,1,-1.4665420167148113e-05,-0.00010837893933057785,47.97476588287572,3.3135576333212353,0.0,,,,
VELD-VII002,VELD-VII,2,-1.4665420167148113e-05,-0.00010837893933057785,47.97476588287572,3.3135576333212353,0.0,,,,
VELD-VII003,VELD-VII,3,-1.4665420167148113e-05,-0.00010837893933057785,47.97476588287572,3.3135576333212353,0.0,,,,
VELD-VII004,VELD-VII,4,-1.4665420167148113e-05,-0.00010837893933057785,47.97476588287572,3.3135576333212353,0.0,,,,
VELD-XXXIV001,VELD-XXXIV,1,-1.4665420167148113e-05,-0.00010837893933057785,47.97476588287572,3.3135576333212353,0.0,,,,
VELD-XXXIV002,VELD-XXXIV,2,-1.4665420167148113e-05,-0.00010837893933057785,47.97476588287572,3.3135576333212353,0.0,,,,
VELD-XXXIV003,VELD-XXXIV,3,-1.4665420167148113e-05,-0.00010837893933057785,47.97476588287572,3.3135576333212353,0.0,,,,
WD97P03000,WD97P03,0,-1.4665420167148113e-05,-0.00010837893933057785,47.97476588287572,3.3135576333212353,0.0,,,,
WD97P03002,WD97P03,2,-1.4665420167148113e-05,-0.00010837893933057785,47.97476588287572,3.3135576333212353,0.0,-24.0,-26.0,,
WD97P03001,WD97P03,1,-1.4665420167148113e-05,-0.00010837893933057785,47.97476588287572,3.3135576333212353,0.0,-14.0,-16.0,,
WD97P12004,WD97P12,4,-1.4665420167148113e-05,-0.00010837893933057785,47.97476588287572,3.3135576333212353,0.0,-32.0,-34.0,,
WD97P12003,WD97P12,3,-1.4665420167148113e-05,-0.00010837893933057785,47.97476588287572,3.3135576333212353,0.0,-27.0,-29.0,,
WD97P12002,WD97P12,2,-1.4665420167148113e-05,-0.00010837893933057785,47.97476588287572,3.3135576333212353,0.0,-19.0,-21.0,,
WD97P12001,WD97P12,1,-1.4665420167148113e-05,-0.00010837893933057785,47.97476588287572,3.3135576333212353,0.0,-11.0,-13.0,,
WO-RUW2001,WO-RUW2,1,-1.4665420167148113e-05,-0.00010837893933057785,47.97476588287572,3.3135576333212353,0.0,,,,
WOWP002000,WOWP002,0,-1.4665420167148113e-05,-0.00010837893933057785,47.97476588287572,3.3135576333212353,0.0,-3.7,-3.7,,
WOWP004000,WOWP004,0,-1.4665420167148113e-05,-0.00010837893933057785,47.97476588287572,3.3135576333212353,0.0,-4.5,-4.5,,
WP 9002,WP 9,2,-1.4665420167148113e-05,-0.00010837893933057785,47.97476588287572,3.3135576333212353,1.7,-1.0,-2.0,,
WP 9003,WP 9,3,-1.4665420167148113e-05,-0.00010837893933057785,47.97476588287572,3.3135576333212353,1.7,-1.0,-2.0,,
WP 9001,WP 9,1,-1.4665420167148113e-05,-0.00010837893933057785,47.97476588287572,3.3135576333212353,1.7,-1.0,-1.5,,
26GL5904001,26GL5904,1,-1.4665420167148113e-05,-0.00010837893933057785,47.97476588287572,3.3135576333212353,0.0,,,,
26HL5105001,26HL5105,1,-1.4665420167148113e-05,-0.00010837893933057785,47.97476588287572,3.3135576333212353,0.0,,,,
26HL5111001,26HL5111,1,-1.4665420167148113e-05,-0.00010837893933057785,47.97476588287572,3.3135576333212353,0.0,,,,
26HL5411001,26HL5411,1,-1.4665420167148113e-05,-0.00010837893933057785,47.97476588287572,3.3135576333212353,0.0,,,,
26HL5515001,26HL5515,1,-1.4665420167148113e-05,-0.00010837893933057785,47.97476588287572,3.3135576333212353,0.0,,,,
26HL5614001,26HL5614,1,-1.4665420167148113e-05,-0.00010837893933057785,47.97476588287572,3.3135576333212353,0.0,,,,
27AB0012001,27AB0012,1,-1.4665420167148113e-05,-0.00010837893933057785,47.97476588287572,3.3135576333212353,0.0,,,,
27AL5305001,27AL5305,1,-1.4665420167148113e-05,-0.00010837893933057785,47.97476588287572,3.3135576333212353,0.0,,,,
27AL5410001,27AL5410,1,-1.4665420167148113e-05,-0.00010837893933057785,47.97476588287572,3.3135576333212353,0.0,,,,
27AP0020001,27AP0020,1,-1.4665420167148113e-05,-0.00010837893933057785,47.97476588287572,3.3135576333212353,0.0,,,,
27BL5121001,27BL5121,1,-1.4665420167148113e-05,-0.00010837893933057785,47.97476588287572,3.3135576333212353,0.0,,,,
27BR0148001,27BR0148,1,-1.4665420167148113e-05,-0.00010837893933057785,47.97476588287572,3.3135576333212353,0.0,,,,
27BR0148002,27BR0148,2,-1.4665420167148113e-05,-0.00010837893933057785,47.97476588287572,3.3135576333212353,0.0,,,,
27CP0070001,27CP0070,1,-1.4665420167148113e-05,-0.00010837893933057785,47.97476588287572,3.3135576333212353,0.0,,,,
27DS0005001,27DS0005,1,-1.4665420167148113e-05,-0.00010837893933057785,47.97476588287572,3.3135576333212353,0.0,,,,
28F0255001,28F0255,1,-1.4665420167148113e-05,-0.00010837893933057785,47.97476588287572,3.3135576333212353,52.45,,,,
28F0255002,28F0255,2,-1.4665420167148113e-05,-0.00010837893933057785,47.97476588287572,3.3135576333212353,52.45,,,,
28F0255003,28F0255,3,-1.4665420167148113e-05,-0.00010837893933057785,47.97476588287572,3.3135576333212353,52.45,,,,
28F0256001,28F0256,1,-1.4665420167148113e-05,-0.00010837893933057785,47.97476588287572,3.3135576333212353,52.37,,,,
28F0256002,28F0256,2,-1.4665420167148113e-05,-0.00010837893933057785,47.97476588287572,3.3135576333212353,52.37,,,,
28F0256003,28F0256,3,-1.4665420167148113e-05,-0.00010837893933057785,47.97476588287572,3.3135576333212353,52.37,,,,
32BP0023001,32BP0023,1,-1.4665420167148113e-05,-0.00010837893933057785,47.97476588287572,3.3135576333212353,0.0,,,,
32EL5600001,32EL5600,1,-1.4665420167148113e-05,-0.00010837893933057785,47.97476588287572,3.3135576333212353,0.0,,,,
32EL5700001,32EL5700,1,-1.4665420167148113e-05,-0.00010837893933057785,47.97476588287572,3.3135576333212353,0.0,,,,
32EL6000001,32EL6000,1,-1.4665420167148113e-05,-0.00010837893933057785,47.97476588287572,3.3135576333212353,0.0,,,,
32EL6100001,32EL6100,1,-1.4665420167148113e-05,-0.00010837893933057785,47.97476588287572,3.3135576333212353,0.0,,,,
32FB0005001,32FB0005,1,-1.4665420167148113e-05,-0.00010837893933057785,47.97476588287572,3.3135576333212353,0.0,,,,
34BP000A001,34BP000A,1,-1.4665420167148113e-05,-0.00010837893933057785,47.97476588287572,3.3135576333212353,0.0,,,,
34BP000A002,34BP000A,2,-1.4665420167148113e-05,-0.00010837893933057785,47.97476588287572,3.3135576333212353,0.0,,,,
34CS000B001,34CS000B,1,-1.4665420167148113e-05,-0.00010837893933057785,47.97476588287572,3.3135576333212353,0.0,,,,
34DS000A001,34DS000A,1,-1.4665420167148113e-05,-0.00010837893933057785,47.97476588287572,3.3135576333212353,0.0,,,,
40A-BARO1000,40A-BARO1,0,-1.4665420167148113e-05,-0.00010837893933057785,47.97476588287572,3.3135576333212353,0.0,,,,
40AB0200001,40AB0200,1,-1.4665420167148113e-05,-0.00010837893933057785,47.97476588287572,3.3135576333212353,0.0,,,,
40B-BARO1000,40B-BARO1,0,-1.4665420167148113e-05,-0.00010837893933057785,47.97476588287572,3.3135576333212353,0.0,,,,
40C-BARO1000,40C-BARO1,0,-1.4665420167148113e-05,-0.00010837893933057785,47.97476588287572,3.3135576333212353,0.0,,,,
40CB0047001,40CB0047,1,-1.4665420167148113e-05,-0.00010837893933057785,47.97476588287572,3.3135576333212353,0.0,,,,
40H-1463009,40H-1463,9,-1.4665420167148113e-05,-0.00010837893933057785,47.97476588287572,3.3135576333212353,0.01,-185.0,-187.0,,
40H-1463008,40H-1463,8,-1.4665420167148113e-05,-0.00010837893933057785,47.97476588287572,3.3135576333212353,0.01,-163.0,-165.0,,
40H-1463007,40H-1463,7,-1.4665420167148113e-05,-0.00010837893933057785,47.97476588287572,3.3135576333212353,0.01,-148.0,-150.0,,
40H-1463006,40H-1463,6,-1.4665420167148113e-05,-0.00010837893933057785,47.97476588287572,3.3135576333212353,0.01,-120.0,-122.0,,
40H-1463005,40H-1463,5,-1.4665420167148113e-05,-0.00010837893933057785,47.97476588287572,3.3135576333212353,0.01,-104.0,-106.0,,
40H-1463004,40H-1463,4,-1.4665420167148113e-05,-0.00010837893933057785,47.97476588287572,3.3135576333212353,0.01,-89.0,-91.0,,
40H-1463003,40H-1463,3,-1.4665420167148113e-05,-0.00010837893933057785,47.97476588287572,3.3135576333212353,0.01,-77.0,-79.0,,
40H-1463002,40H-1463,2,-1.4665420167148113e-05,-0.00010837893933057785,47.97476588287572,3.3135576333212353,0.01,-65.0,-67.0,,
40H-1463001,40H-1463,1,-1.4665420167148113e-05,-0.00010837893933057785,47.97476588287572,3.3135576333212353,0.01,-48.0,-50.0,,
41AL000A001,41AL000A,1,-1.4665420167148113e-05,-0.00010837893933057785,47.97476588287572,3.3135576333212353,0.0,,,,
41BL000A-06001,41BL000A-06,1,-1.4665420167148113e-05,-0.00010837893933057785,47.97476588287572,3.3135576333212353,0.0,,,,
41BL000A-07001,41BL000A-07,1,-1.4665420167148113e-05,-0.00010837893933057785,47.97476588287572,3.3135576333212353,0.0,,,,
41BL000A-08001,41BL000A-08,1,-1.4665420167148113e-05,-0.00010837893933057785,47.97476588287572,3.3135576333212353,0.0,,,,
41BL000A-09001,41BL000A-09,1,-1.4665420167148113e-05,-0.00010837893933057785,47.97476588287572,3.3135576333212353,0.0,,,,
41BL000A0001,41BL000A0,1,-1.4665420167148113e-05,-0.00010837893933057785,47.97476588287572,3.3135576333212353,0.0,,,,
41BL000A2001,41BL000A2,1,-1.4665420167148113e-05,-0.00010837893933057785,47.97476588287572,3.3135576333212353,0.0,,,,
41BL000A3001,41BL000A3,1,-1.4665420167148113e-05,-0.00010837893933057785,47.97476588287572,3.3135576333212353,0.0,,,,
45AB0018001,45AB0018,1,-1.4665420167148113e-05,-0.00010837893933057785,47.97476588287572,3.3135576333212353,0.0,,,,
45BB0004001,45BB0004,1,-1.4665420167148113e-05,-0.00010837893933057785,47.97476588287572,3.3135576333212353,0.0,,,,
95LB47001,95LB47,1,-1.4665420167148113e-05,-0.00010837893933057785,47.97476588287572,3.3135576333212353,0.0,-3.0,-4.0,,
ABWP015001,ABWP015,1,-1.4665420167148113e-05,-0.00010837893933057785,47.97476588287572,3.3135576333212353,0.0,,,,
AHWP027001,AHWP027,1,-1.4665420167148113e-05,-0.00010837893933057785,47.97476588287572,3.3135576333212353,0.0,-34.5,-41.0,,
AHWP028001,AHWP028,1,-1.4665420167148113e-05,-0.00010837893933057785,47.97476588287572,3.3135576333212353,0.0,-30.0,-40.0,,
AHWP029001,AHWP029,1,-1.4665420167148113e-05,-0.00010837893933057785,47.97476588287572,3.3135576333212353,0.0,-31.0,-41.0,,
BA-RUW001,BA-RUW,1,-1.4665420167148113e-05,-0.00010837893933057785,47.97476588287572,3.3135576333212353,0.0,,,,
BAWP003000,BAWP003,0,-1.4665420167148113e-05,-0.00010837893933057785,47.97476588287572,3.3135576333212353,0.0,,,,
BAWP004000,BAWP004,0,-1.4665420167148113e-05,-0.00010837893933057785,47.97476588287572,3.3135576333212353,0.0,,,,
BAWP005000,BAWP005,0,-1.4665420167148113e-05,-0.00010837893933057785,47.97476588287572,3.3135576333212353,0.0,,,,
BAWP006001,BAWP006,1,-1.4665420167148113e-05,-0.00010837893933057785,47.97476588287572,3.3135576333212353,0.0,-28.7,-51.0,,
BE-F05-RUW001,BE-F05-RUW,1,-1.4665420167148113e-05,-0.00010837893933057785,47.97476588287572,3.3135576333212353,0.0,,,,
BE-F06-RUW001,BE-F06-RUW,1,-1.4665420167148113e-05,-0.00010837893933057785,47.97476588287572,3.3135576333212353,0.0,,,,
BEUN-III001,BEUN-III,1,-1.4665420167148113e-05,-0.00010837893933057785,47.97476588287572,3.3135576333212353,0.0,,,,
BEUN-III002,BEUN-III,2,-1.4665420167148113e-05,-0.00010837893933057785,47.97476588287572,3.3135576333212353,0.0,,,,
BEUN-III003,BEUN-III,3,-1.4665420167148113e-05,-0.00010837893933057785,47.97476588287572,3.3135576333212353,0.0,,,,
BEUN-III004,BEUN-III,4,-1.4665420167148113e-05,-0.00010837893933057785,47.97476588287572,3.3135576333212353,0.0,,,,
BEUN-III005,BEUN-III,5,-1.4665420167148113e-05,-0.00010837893933057785,47.97476588287572,3.3135576333212353,0.0,,,,
BEWP018001,BEWP018,1,-1.4665420167148113e-05,-0.00010837893933057785,47.97476588287572,3.3135576333212353,0.0,-3.25,-4.25,,
BEWP035000,BEWP035,0,-1.4665420167148113e-05,-0.00010837893933057785,47.97476588287572,3.3135576333212353,0.0,,,,
BEWP036000,BEWP036,0,-1.4665420167148113e-05,-0.00010837893933057785,47.97476588287572,3.3135576333212353,0.0,,,,
BEWP037000,BEWP037,0,-1.4665420167148113e-05,-0.00010837893933057785,47.97476588287572,3.3135576333212353,0.0,,,,
BEWP038000,BEWP038,0,-1.4665420167148113e-05,-0.00010837893933057785,47.97476588287572,3.3135576333212353,0.0,,,,
BIWP011000,BIWP011,0,-1.4665420167148113e-05,-0.00010837893933057785,47.97476588287572,3.3135576333212353,0.0,,,,
BIWP012000,BIWP012,0,-1.4665420167148113e-05,-0.00010837893933057785,47.97476588287572,3.3135576333212353,0.0,,,,
BIWP013000,BIWP013,0,-1.4665420167148113e-05,-0.00010837893933057785,47.97476588287572,3.3135576333212353,0.0,,,,
BIWP015005,BIWP015,5,-1.4665420167148113e-05,-0.00010837893933057785,47.97476588287572,3.3135576333212353,0.0,-65.0,-70.0,,
BIWP015004,BIWP015,4,-1.4665420167148113e-05,-0.00010837893933057785,47.97476588287572,3.3135576333212353,0.0,-55.0,-60.0,,
BIWP015003,BIWP015,3,-1.4665420167148113e-05,-0.00010837893933057785,47.97476588287572,3.3135576333212353,0.0,-40.0,-45.0,,
BIWP015002,BIWP015,2,-1.4665420167148113e-05,-0.00010837893933057785,47.97476588287572,3.3135576333212353,0.0,-30.0,-35.0,,
BIWP015001,BIWP015,1,-1.4665420167148113e-05,-0.00010837893933057785,47.97476588287572,3.3135576333212353,0.0,-25.0,-30.0,,
BIWP016006,BIWP016,6,-1.4665420167148113e-05,-0.00010837893933057785,47.97476588287572,3.3135576333212353,0.0,-95.0,-100.0,,
BIWP016004,BIWP016,4,-1.4665420167148113e-05,-0.00010837893933057785,47.97476588287572,3.3135576333212353,0.0,-85.0,-90.0,,
BIWP016005,BIWP016,5,-1.4665420167148113e-05,-0.00010837893933057785,47.97476588287572,3.3135576333212353,0.0,-85.0,-90.0,,
BIWP016003,BIWP016,3,-1.4665420167148113e-05,-0.00010837893933057785,47.97476588287572,3.3135576333212353,0.0,-80.0,-85.0,,
BIWP016002,BIWP016,2,-1.4665420167148113e-05,-0.00010837893933057785,47.97476588287572,3.3135576333212353,0.0,-75.0,-80.0,,
BIWP016001,BIWP016,1,-1.4665420167148113e-05,-0.00010837893933057785,47.97476588287572,3.3135576333212353,0.0,-25.0,-30.0,,
BOELE-1983001,BOELE-1983,1,-1.4665420167148113e-05,-0.00010837893933057785,47.97476588287572,3.3135576333212353,0.0,,,,
BOELE-PLUC-1000,BOELE-PLUC-1,0,-1.4665420167148113e-05,-0.00010837893933057785,47.97476588287572,3.3135576333212353,0.0,,,,
BOELE-PLUC-2000,BOELE-PLUC-2,0,-1.4665420167148113e-05,-0.00010837893933057785,47.97476588287572,3.3135576333212353,0.0,,,,
BOELE-PLUC-3000,BOELE-PLUC-3,0,-1.4665420167148113e-05,-0.00010837893933057785,47.97476588287572,3.3135576333212353,0.0,,,,
BR92M54004,BR92M54,4,-1.4665420167148113e-05,-0.00010837893933057785,47.97476588287572,3.3135576333212353,0.0,-24.0,-25.0,,
BR92M54003,BR92M54,3,-1.4665420167148113e-05,-0.00010837893933057785,47.97476588287572,3.3135576333212353,0.0,-17.0,-18.0,,
BR92M54002,BR92M54,2,-1.4665420167148113e-05,-0.00010837893933057785,47.97476588287572,3.3135576333212353,0.0,-8.0,-9.0,,
BR92M54001,BR92M54,1,-1.4665420167148113e-05,-0.00010837893933057785,47.97476588287572,3.3135576333212353,0.0,-3.0,-4.0,,
BR97L104001,BR97L104,1,-1.4665420167148113e-05,-0.00010837893933057785,47.97476588287572,3.3135576333212353,0.0,,,,
BR97L105001,BR97L105,1,-1.4665420167148113e-05,-0.00010837893933057785,47.97476588287572,3.3135576333212353,0.0,,,,
BR97L106001,BR97L106,1,-1.4665420167148113e-05,-0.00010837893933057785,47.97476588287572,3.3135576333212353,0.0,,,,
BRAKE-1002,BRAKE-1,2,-1.4665420167148113e-05,-0.00010837893933057785,47.97476588287572,3.3135576333212353,0.0,,,,
BRAKE-1003,BRAKE-1,3,-1.4665420167148113e-05,-0.00010837893933057785,47.97476588287572,3.3135576333212353,0.0,,,,
BRAKE-2001,BRAKE-2,1,-1.4665420167148113e-05,-0.00010837893933057785,47.97476588287572,3.3135576333212353,0.0,,,,
BRAKE-2002,BRAKE-2,2,-1.4665420167148113e-05,-0.00010837893933057785,47.97476588287572,3.3135576333212353,0.0,,,,
BRAKE-3001,BRAKE-3,1,-1.4665420167148113e-05,-0.00010837893933057785,47.97476588287572,3.3135576333212353,0.0,,,,
BRAKE-3002,BRAKE-3,2,-1.4665420167148113e-05,-0.00010837893933057785,47.97476588287572,3.3135576333212353,0.0,,,,
BRAKE-4001,BRAKE-4,1,-1.4665420167148113e-05,-0.00010837893933057785,47.97476588287572,3.3135576333212353,0.0,,,,
BRAKE-4002,BRAKE-4,2,-1.4665420167148113e-05,-0.00010837893933057785,47.97476588287572,3.3135576333212353,0.0,,,,
BU-RUW1-OUD001,BU-RUW1-OUD,1,-1.4665420167148113e-05,-0.00010837893933057785,47.97476588287572,3.3135576333212353,0.0,,,,
BU-RUW2-OUD001,BU-RUW2-OUD,1,-1.4665420167148113e-05,-0.00010837893933057785,47.97476588287572,3.3135576333212353,0.0,,,,
BUWP001002,BUWP001,2,-1.4665420167148113e-05,-0.00010837893933057785,47.97476588287572,3.3135576333212353,1.95,-70.1,-71.1,,
BUWP001001,BUWP001,1,-1.4665420167148113e-05,-0.00010837893933057785,47.97476588287572,3.3135576333212353,1.95,-30.0,-31.0,,
BUWP008002,BUWP008,2,-1.4665420167148113e-05,-0.00010837893933057785,47.97476588287572,3.3135576333212353,4.6,-130.0,-134.0,,
BUWP008001,BUWP008,1,-1.4665420167148113e-05,-0.00010837893933057785,47.97476588287572,3.3135576333212353,4.6,-105.0,-119.0,,
BUWP009000,BUWP009,0,-1.4665420167148113e-05,-0.00010837893933057785,47.97476588287572,3.3135576333212353,0.0,,,,
CORLE-CB02001,CORLE-CB02,1,-1.4665420167148113e-05,-0.00010837893933057785,47.97476588287572,3.3135576333212353,0.0,,,,
CORLE-CB21001,CORLE-CB21,1,-1.4665420167148113e-05,-0.00010837893933057785,47.97476588287572,3.3135576333212353,0.0,,,,
CORLE-CB45001,CORLE-CB45,1,-1.4665420167148113e-05,-0.00010837893933057785,47.97476588287572,3.3135576333212353,0.0,,,,
COWP018000,COWP018,0,-1.4665420167148113e-05,-0.00010837893933057785,47.97476588287572,3.3135576333212353,0.0,,,,
DO-RUW-TOR001,DO-RUW-TOR,1,-1.4665420167148113e-05,-0.00010837893933057785,47.97476588287572,3.3135576333212353,0.0,,,,
DO-RUW-ZON001,DO-RUW-ZON,1,-1.4665420167148113e-05,-0.00010837893933057785,47.97476588287572,3.3135576333212353,0.0,,,,
DRWP501001,DRWP501,1,-1.4665420167148113e-05,-0.00010837893933057785,47.97476588287572,3.3135576333212353,6.6,-47.0,-57.0,,
DRWP502001,DRWP502,1,-1.4665420167148113e-05,-0.00010837893933057785,47.97476588287572,3.3135576333212353,0.0,-41.0,-61.0,,
DRWP503001,DRWP503,1,-1.4665420167148113e-05,-0.00010837893933057785,47.97476588287572,3.3135576333212353,7.02,-47.5,-57.5,,
DRWP504001,DRWP504,1,-1.4665420167148113e-05,-0.00010837893933057785,47.97476588287572,3.3135576333212353,6.63,-45.0,-53.0,,
DRWP505001,DRWP505,1,-1.4665420167148113e-05,-0.00010837893933057785,47.97476588287572,3.3135576333212353,6.11,-46.5,-54.5,,
DRWP506001,DRWP506,1,-1.4665420167148113e-05,-0.00010837893933057785,47.97476588287572,3.3135576333212353,7.34,-46.0,-54.0,,
DRWP507001,DRWP507,1,-1.4665420167148113e-05,-0.00010837893933057785,47.97476588287572,3.3135576333212353,7.28,-44.5,-50.5,,
DRWP510001,DRWP510,1,-1.4665420167148113e-05,-0.00010837893933057785,47.97476588287572,3.3135576333212353,0.0,-18.0,-26.0,,
DRWP511001,DRWP511,1,-1.4665420167148113e-05,-0.00010837893933057785,47.97476588287572,3.3135576333212353,0.0,-16.0,-24.0,,
DRWP512001,DRWP512,1,-1.4665420167148113e-05,-0.00010837893933057785,47.97476588287572,3.3135576333212353,0.0,-14.0,-22.0,,
DRWP513001,DRWP513,1,-1.4665420167148113e-05,-0.00010837893933057785,47.97476588287572,3.3135576333212353,0.0,-17.0,-25.0,,
DUIKER001,DUIKER,1,-1.4665420167148113e-05,-0.00010837893933057785,47.97476588287572,3.3135576333212353,-0.03,-3.03,-4.03,,
EIBERG-1001,EIBERG-1,1,-1.4665420167148113e-05,-0.00010837893933057785,47.97476588287572,3.3135576333212353,0.0,,,,
EIBERG-1002,EIBERG-1,2,-1.4665420167148113e-05,-0.00010837893933057785,47.97476588287572,3.3135576333212353,0.0,,,,
EIBERG-2001,EIBERG-2,1,-1.4665420167148113e-05,-0.00010837893933057785,47.97476588287572,3.3135576333212353,0.0,,,,
EIBERG-2002,EIBERG-2,2,-1.4665420167148113e-05,-0.00010837893933057785,47.97476588287572,3.3135576333212353,0.0,,,,
EIBERG-3002,EIBERG-3,2,-1.4665420167148113e-05,-0.00010837893933057785,47.97476588287572,3.3135576333212353,0.0,,,,
EIBERG-3001,EIBERG-3,1,-1.4665420167148113e-05,-0.00010837893933057785,47.97476588287572,3.3135576333212353,0.0,,,,
EW97L80001,EW97L80,1,-1.4665420167148113e-05,-0.00010837893933057785,47.97476588287572,3.3135576333212353,0.0,-3.8,-4.8,,
GORSSEL-S1001,GORSSEL-S1,1,-1.4665420167148113e-05,-0.00010837893933057785,47.97476588287572,3.3135576333212353,0.0,,,,
GORSSEL-S10001,GORSSEL-S10,1,-1.4665420167148113e-05,-0.00010837893933057785,47.97476588287572,3.3135576333212353,0.0,,,,
GORSSEL-S11001,GORSSEL-S11,1,-1.4665420167148113e-05,-0.00010837893933057785,47.97476588287572,3.3135576333212353,0.0,,,,
GORSSEL-S12001,GORSSEL-S12,1,-1.4665420167148113e-05,-0.00010837893933057785,47.97476588287572,3.3135576333212353,0.0,,,,
GORSSEL-S13001,GORSSEL-S13,1,-1.4665420167148113e-05,-0.00010837893933057785,47.97476588287572,3.3135576333212353,0.0,,,,
GORSSEL-S14001,GORSSEL-S14,1,-1.4665420167148113e-05,-0.00010837893933057785,47.97476588287572,3.3135576333212353,0.0,,,,
GORSSEL-S15001,GORSSEL-S15,1,-1.4665420167148113e-05,-0.00010837893933057785,47.97476588287572,3.3135576333212353,0.0,,,,
GORSSEL-S16001,GORSSEL-S16,1,-1.4665420167148113e-05,-0.00010837893933057785,47.97476588287572,3.3135576333212353,0.0,,,,
GORSSEL-S17001,GORSSEL-S17,1,-1.4665420167148113e-05,-0.00010837893933057785,47.97476588287572,3.3135576333212353,0.0,,,,
GORSSEL-S18001,GORSSEL-S18,1,-1.4665420167148113e-05,-0.00010837893933057785,47.97476588287572,3.3135576333212353,0.0,,,,
GORSSEL-S19001,GORSSEL-S19,1,-1.4665420167148113e-05,-0.00010837893933057785,47.97476588287572,3.3135576333212353,0.0,,,,
GORSSEL-S2001,GORSSEL-S2,1,-1.4665420167148113e-05,-0.00010837893933057785,47.97476588287572,3.3135576333212353,0.0,,,,
GORSSEL-S20001,GORSSEL-S20,1,-1.4665420167148113e-05,-0.00010837893933057785,47.97476588287572,3.3135576333212353,0.0,,,,
GORSSEL-S3001,GORSSEL-S3,1,-1.4665420167148113e-05,-0.00010837893933057785,47.97476588287572,3.3135576333212353,0.0,,,,
GORSSEL-S4001,GORSSEL-S4,1,-1.4665420167148113e-05,-0.00010837893933057785,47.97476588287572,3.3135576333212353,0.0,,,,
GORSSEL-S5001,GORSSEL-S5,1,-1.4665420167148113e-05,-0.00010837893933057785,47.97476588287572,3.3135576333212353,0.0,,,,
LOWP028000,LOWP028,0,-1.4665420167148113e-05,-0.00010837893933057785,47.97476588287572,3.3135576333212353,0.0,,,,
LOWP029000,LOWP029,0,-1.4665420167148113e-05,-0.00010837893933057785,47.97476588287572,3.3135576333212353,0.0,,,,
LOWP031000,LOWP031,0,-1.4665420167148113e-05,-0.00010837893933057785,47.97476588287572,3.3135576333212353,0.0,,,,
LOWP052001,LOWP052,1,-1.4665420167148113e-05,-0.00010837893933057785,47.97476588287572,3.3135576333212353,0.0,-45.5,-47.5,,
LVWP002000,LVWP002,0,-1.4665420167148113e-05,-0.00010837893933057785,47.97476588287572,3.3135576333212353,0.0,,,,
LVWP003000,LVWP003,0,-1.4665420167148113e-05,-0.00010837893933057785,47.97476588287572,3.3135576333212353,0.0,,,,
MEWP504001,MEWP504,1,-1.4665420167148113e-05,-0.00010837893933057785,47.97476588287572,3.3135576333212353,0.0,-97.0,-115.0,,
MEWP504002,MEWP504,2,-1.4665420167148113e-05,-0.00010837893933057785,47.97476588287572,3.3135576333212353,0.0,-95.5,-96.5,,
MIL002,MIL,2,10.999985346250469,0.9998916231561452,47.97477760366063,3.313704334062822,1.0,-21.0,-32.0,,
MIL001,MIL,1,10.999985346250469,0.9998916231561452,47.97477760366063,3.313704334062822,1.0,-1.0,-2.0,,
MOWP001001,MOWP001,1,-1.4665420167148113e-05,-0.00010837893933057785,47.97476588287572,3.3135576333212353,0.0,-69.91,-81.1,,
MOWP005001,MOWP005,1,-1.4665420167148113e-05,-0.00010837893933057785,47.97476588287572,3.3135576333212353,1.14,-76.0,-77.0,,
MOWP005002,MOWP005,2,-1.4665420167148113e-05,-0.00010837893933057785,47.97476588287572,3.3135576333212353,1.14,-23.0,-24.0,,
MOWP007001,MOWP007,1,-1.4665420167148113e-05,-0.00010837893933057785,47.97476588287572,3.3135576333212353,1.2,-72.3,-79.3,,
NY96P33001,NY96P33,1,-1.4665420167148113e-05,-0.00010837893933057785,47.97476588287572,3.3135576333212353,0.0,-4.12,-5.12,,
NY96P34001,NY96P34,1,-1.4665420167148113e-05,-0.00010837893933057785,47.97476588287572,3.3135576333212353,0.0,-4.64,-5.64,,
O-VELM-46B001,O-VELM-46B,1,-1.4665420167148113e-05,-0.00010837893933057785,47.97476588287572,3.3135576333212353,0.0,,,,
O-VELM-V4001,O-VELM-V4,1,-1.4665420167148113e-05,-0.00010837893933057785,47.97476588287572,3.3135576333212353,0.0,,,,
RH-RUW-OUD001,RH-RUW-OUD,1,-1.4665420167148113e-05,-0.00010837893933057785,47.97476588287572,3.3135576333212353,0.0,,,,
RH-RUW1-OUD001,RH-RUW1-OUD,1,-1.4665420167148113e-05,-0.00010837893933057785,47.97476588287572,3.3135576333212353,0.0,,,,
SDWP018000,SDWP018,0,-1.4665420167148113e-05,-0.00010837893933057785,47.97476588287572,3.3135576333212353,0.0,,,,
SDWP021000,SDWP021,0,-1.4665420167148113e-05,-0.00010837893933057785,47.97476588287572,3.3135576333212353,0.0,,,,
SDWP025000,SDWP025,0,-1.4665420167148113e-05,-0.00010837893933057785,47.97476588287572,3.3135576333212353,0.0,,,,
SDWP037000,SDWP037,0,-1.4665420167148113e-05,-0.00010837893933057785,47.97476588287572,3.3135576333212353,0.0,,,,
SO-F01-RUW001,SO-F01-RUW,1,-1.4665420167148113e-05,-0.00010837893933057785,47.97476588287572,3.3135576333212353,0.0,,,,
SOWP502001,SOWP502,1,-1.4665420167148113e-05,-0.00010837893933057785,47.97476588287572,3.3135576333212353,5.2,-68.0,-113.0,,
SOWP504001,SOWP504,1,-1.4665420167148113e-05,-0.00010837893933057785,47.97476588287572,3.3135576333212353,4.44,-81.0,-89.0,,
SOWP505001,SOWP505,1,-1.4665420167148113e-05,-0.00010837893933057785,47.97476588287572,3.3135576333212353,4.5,-81.5,-89.5,,
ST95LB16001,ST95LB16,1,-1.4665420167148113e-05,-0.00010837893933057785,47.97476588287572,3.3135576333212353,0.0,-2.05,-3.05,,
ST95LB17001,ST95LB17,1,-1.4665420167148113e-05,-0.00010837893933057785,47.97476588287572,3.3135576333212353,0.0,-3.0,-4.0,,
ST95LB18001,ST95LB18,1,-1.4665420167148113e-05,-0.00010837893933057785,47.97476588287572,3.3135576333212353,0.0,-3.1,-4.1,,
ST95LB20001,ST95LB20,1,-1.4665420167148113e-05,-0.00010837893933057785,47.97476588287572,3.3135576333212353,0.0,-2.15,-3.15,,
ST95LB22001,ST95LB22,1,-1.4665420167148113e-05,-0.00010837893933057785,47.97476588287572,3.3135576333212353,0.0,-2.07,-3.07,,
ST95LB23001,ST95LB23,1,-1.4665420167148113e-05,-0.00010837893933057785,47.97476588287572,3.3135576333212353,0.0,-3.1,-4.1,,
VELD-OPP-L6000,VELD-OPP-L6,0,-1.4665420167148113e-05,-0.00010837893933057785,47.97476588287572,3.3135576333212353,0.0,,,,
VELD-XXXIX001,VELD-XXXIX,1,-1.4665420167148113e-05,-0.00010837893933057785,47.97476588287572,3.3135576333212353,0.0,,,,
VELD-XXXIX002,VELD-XXXIX,2,-1.4665420167148113e-05,-0.00010837893933057785,47.97476588287572,3.3135576333212353,0.0,,,,
VELD-XXXIX003,VELD-XXXIX,3,-1.4665420167148113e-05,-0.00010837893933057785,47.97476588287572,3.3135576333212353,0.0,,,,
WD97P02003,WD97P02,3,-1.4665420167148113e-05,-0.00010837893933057785,47.97476588287572,3.3135576333212353,0.0,-23.0,-25.0,,
WD97P02002,WD97P02,2,-1.4665420167148113e-05,-0.00010837893933057785,47.97476588287572,3.3135576333212353,0.0,-15.0,-17.0,,
WD97P02001,WD97P02,1,-1.4665420167148113e-05,-0.00010837893933057785,47.97476588287572,3.3135576333212353,0.0,-13.0,-15.0,,
WO-RUW1001,WO-RUW1,1,-1.4665420167148113e-05,-0.00010837893933057785,47.97476588287572,3.3135576333212353,0.0,,,,
ZE-RUW001,ZE-RUW,1,-1.4665420167148113e-05,-0.00010837893933057785,47.97476588287572,3.3135576333212353,0.0,,,,
ZE-RUW002,ZE-RUW,2,-1.4665420167148113e-05,-0.00010837893933057785,47.97476588287572,3.3135576333212353,0.0,,,,
BIWP032001,BIWP032,1,-1.4665420167148113e-05,-0.00010837893933057785,47.97476588287572,3.3135576333212353,0.0,-8.0,-10.0,db678c10-4f3c-4fbe-b535-3ebe1428d5ba,6233e51d-3bd0-4c37-b02e-3887714e816f
